actual_letter,image_file,model_output
A,0_png.rf.uF7zNpZRLbCRXVASl53D.png,S
A,10_png.rf.6rm3HWecjmy4inrTuCj6.png,S
A,11_png.rf.uRnQmaMTPkX06PboSjwx.png,B
A,12_png.rf.rB5EGmMHGmHizP6S9hin.png,W
A,13_png.rf.xt2DGB8z8f2hbzCdJWz8.png,A
A,14_png.rf.xezi1bTCYWk6byluwggA.png,A
A,15_png.rf.PSsYwUAg5t76noZGf4bI.png,S
A,16_png.rf.ub2gnrLBuPAZjITTBMnN.png,A
A,17_png.rf.FZnKEA9l4qiHQWI8z1td.png,T
A,18_png.rf.Gwf0VWAdd56YH4aA1oyu.png,P
A,19_png.rf.ytLGnlm5nRyu9A3MHG6y.png,L
A,1_png.rf.GtlAy4uhEZYU7o21Z5LM.png,A
A,20_png.rf.7a3eW8esnXAVdqiAFsPx.png,L
A,21_png.rf.BOInq8c4o9YKQdrsqCHT.png,S
A,22_png.rf.QOpkE3h1wRCEwLWnbzCK.png,A
A,23_png.rf.KU3AubD9jN8KPht5uGNN.png,S
A,24_png.rf.jJfA4AlwGft0FQleudwM.png,S
A,25_png.rf.fo2sH6Jqim3XJGB3lAUx.png,A
A,26_png.rf.RkBCLvUCvOsbWBH968hd.png,S
A,27_png.rf.7iAvfrMsjJQLEhxli4uI.png,A
A,28_png.rf.YarcoggR6J1qljujD3ew.png,A
A,29_png.rf.dNudd7zoeksT2yzkY0By.png,B
A,2_png.rf.XMxxD6PXSzPyRr7FW3Xq.png,P
A,30_png.rf.zMm87AKQl4Fqx84hlP8E.png,L
A,31_png.rf.lJR4G0DQO7jk0p5aIsz5.png,S
A,32_png.rf.CMZ1WywZq22vxM8fvMp2.png,C
A,33_png.rf.Sj1HQEDYvefPgiaszMYA.png,S
A,34_png.rf.8DCbIrBjnqmhMi79C8nt.png,S
A,3_png.rf.AkcksBwsXqNvyDdSTmIy.png,S
A,4_png.rf.3WOtcrJIso9V8F58oFag.png,L
A,5_png.rf.WtkLwDEI0uH6RX6o9Zv0.png,L
A,6_png.rf.LVw8NcVkndTpTqCrJRru.png,B
A,7_png.rf.g0MQqHR8s8rwasG3LK78.png,A
A,8_png.rf.rWMO8aj9XDToZvsjk69r.png,S
A,9_png.rf.n6HrA5ttsJngj9MCeliI.png,E
B,0_png.rf.9vajqJcR9KJpTP3xbeaK.png,A
B,10_png.rf.jV6t6pT1WB0VH6iwTZF4.png,W
B,11_png.rf.YnuanuTuh1Gt4ZSYuJSu.png,G
B,12_png.rf.LHFf4YauRtCZesP3yDcC.png,A
B,13_png.rf.T0SAnV8986JMdcmkXQKV.png,E
B,14_png.rf.i6xi9UUxoT3ZjBCSHilM.png,B
B,15_png.rf.P8OFzLyj5ix6HLeXxlLp.png,W
B,16_png.rf.s1WKw8rzvdIZrDvf4zvh.png,B
B,17_png.rf.3JCj9ZVbkiEbn2A8Rb3R.png,A
B,18_png.rf.UyMR7ljhSo1dQpAUuPBa.png,L
B,19_png.rf.PmT1TF2Sat0MY9ZhfgRC.png,M
B,1_png.rf.zeQHAjqb7kMDkYAJFfon.png,E
B,20_png.rf.gnQ3GLWkD9ty0W8rsy1Z.png,L
B,21_png.rf.WCyj3MZ8g8pm7fO1fLZ9.png,W
B,22_png.rf.hMJHsz2aLN6KXCgPZWkP.png,B
B,23_png.rf.pqg0hl5Aa8Lj0Xuml8oD.png,G
B,24_png.rf.IMucIxQcWbKj6yj8iLG0.png,W
B,25_png.rf.Xk0JxHRZ035NQGYSTLBR.png,L
B,26_png.rf.dHt9mkjOfYAdCtnh4nwf.png,B
B,27_png.rf.qbjekInKiaVCmoSQqXNH.png,W
B,28_png.rf.C8SOXWpqg355sy4xLgU3.png,L
B,29_png.rf.PAPP970wjUl9N7G1X9qE.png,W
B,2_png.rf.5KOnNco0edTt4jQLBh4y.png,C
B,30_png.rf.2rUzWEOaUsE2PsUsVZ4t.png,B
B,31_png.rf.zpuC6wW2uTJ8oGSRQGoH.png,L
B,32_png.rf.uLWbYDOdGjZcHs1Cnoiv.png,L
B,33_png.rf.H9eGJXeOmUZ8nBJbN6sV.png,E
B,34_png.rf.LRe9LgFUWAecxhArILq2.png,E
B,35_png.rf.57m7zGnGfl4dj2nTbbVU.png,E
B,3_png.rf.N3wTjVH9I8eA1UozhriD.png,L
B,4_png.rf.BqoqSJjyDXXUsFjSTEz2.png,E
B,5_png.rf.MhrWDvc25gC7RBwbYax7.png,W
B,6_png.rf.QoRVZhQqwgD3Rh8gSOAn.png,E
B,7_png.rf.uu05QB9fgl8Ty9h3mTEm.png,L
B,8_png.rf.rdSKriKXBKEkC3z6FY6B.png,E
B,9_png.rf.XalJyqP6YQ7YhM7BRJGI.png,E
C,0_png.rf.XtV6qN5S8HbP35bsuict.png,C
C,10_png.rf.zsy8ycPcZc5XzlgkOm7y.png,C
C,11_png.rf.GR6bb0arjk2pTQmFYFik.png,C
C,12_png.rf.n6OdVQrdKKpDREftJKDu.png,C
C,13_png.rf.Oz6P7qfOIzJfMSNU3dDP.png,L
C,14_png.rf.awvVXlb6NOe0Xzf6nMez.png,C
C,15_png.rf.VlzZTRMvyFCmnOigbXFI.png,C
C,16_png.rf.bFhyp8YRiSY4CCResO9I.png,C
C,17_png.rf.JwgdILnSy2avk06Pjf8h.png,C
C,18_png.rf.tsN7IfVBpapw7ZrdeOyF.png,C
C,19_png.rf.Q2jfGc6rdYptDKJrYTpd.png,C
C,1_png.rf.b3RLIERaQhjyf4YJIQkm.png,C
C,20_png.rf.yLQYDIRcBduI2AG7n7cn.png,C
C,21_png.rf.nmhXGb0nffhaSD3PgOy4.png,C
C,22_png.rf.GxumfLxHB5m5ILXPOzkJ.png,C
C,23_png.rf.vpgXhSz4jPSlNk7xK3Mr.png,C
C,24_png.rf.NiQw9iZyTDBE6bWcJIol.png,C
C,25_png.rf.Tg6VinAe6qIcWYetS1UJ.png,C
C,26_png.rf.O6hMJVAtXRwmf4YKFp72.png,C
C,27_png.rf.fkYDVz60dTIplBe7GZGJ.png,C
C,28_png.rf.Le1NKoM4D2xo96RjwkxS.png,C
C,29_png.rf.PM3kkwm4dV9rsDvJyJx7.png,C
C,2_png.rf.qhrLMlBcORKE7KgvsMiK.png,C
C,30_png.rf.49JoNOScRyhLbfmlu7dj.png,C
C,31_png.rf.XGNj9pK2KV2IcGg1WLRc.png,C
C,32_png.rf.6HnEY7s39xsYCZ28MWuI.png,C
C,33_png.rf.0zW2PyMo42bnFx64wDFu.png,C
C,34_png.rf.Q9w8R2gRFK7TBKD8mpEf.png,C
C,35_png.rf.iqTyVD6CKsHnDr2QKJCa.png,C
C,36_png.rf.IADYfiyHEMgfub9tLWNU.png,C
C,37_png.rf.Mj8HXv4OS7iIiiJvgHNH.png,C
C,38_png.rf.iOf5wKYt10aUCcBmINKl.png,C
C,39_png.rf.miobgqlFMMNY1UOK3RUZ.png,C
C,3_png.rf.1ZBm4L0iaeHbe5OhgW8Q.png,C
C,40_png.rf.8vok20bssP6pMVcIRgQk.png,C
C,41_png.rf.xkys90DwI7jpMmti6DWG.png,C
C,42_png.rf.n7tKKskqYMTMf6yMVB8W.png,C
C,43_png.rf.ZmGds1cW6DxiFGOVTcmm.png,C
C,44_png.rf.sZuopgFO0VnVfX0Ax7k5.png,C
C,45_png.rf.3YMYIvl7vgaXgM5zVjUF.png,C
C,46_png.rf.uu3Ius4uzxeLMbyLzmtl.png,C
C,47_png.rf.C4YClvY8Ntrc12r7SQ0r.png,C
C,48_png.rf.kTMKeN4tW7gIxTH1ZPw3.png,C
C,49_png.rf.j8NgoX4Cjczq3KKD6piq.png,C
C,4_png.rf.JoRq9DsTub1QZNhPOPp0.png,C
C,50_png.rf.bxAWFouvlm9Q2v7iKZmZ.png,C
C,51_png.rf.UXuBpq3Rs7Dvp4kqhbSQ.png,C
C,52_png.rf.3z6cq0SsKxAw2BCzff8B.png,C
C,53_png.rf.udj849FSE9XFo6Tluzh8.png,C
C,54_png.rf.yISwCmzcm0siHbfOppJC.png,C
C,55_png.rf.TKdrswDLNrlMEPxXYlFW.png,C
C,56_png.rf.A9L8TnlV1bh5BUJ1YcGz.png,C
C,57_png.rf.q0VOv51XOSzOntlzuTL2.png,C
C,58_png.rf.CLKMlUJy1h0FmnJmI5nD.png,C
C,59_png.rf.VSUgZEFXvvbfHIOy5YDM.png,C
C,5_png.rf.QYc4MUWlT3nYuwjQYgRU.png,C
C,6_png.rf.yoBlvm5Z9GrKIYjZAV0k.png,C
C,7_png.rf.4NGEFKGdrCN78bQcPcGF.png,C
C,8_png.rf.8lCMQ9HcHjpNcJQzt7mw.png,C
C,9_png.rf.UFpMzexIzAJUSzoaJwko.png,C
D,0_png.rf.4fZ3OJkwKfzjlIsrGqzV.png,I
D,10_png.rf.MklPyGfSsq4ET8S4SBog.png,D
D,11_png.rf.DCZA4Ea7h3vOO0XyGlta.png,A
D,12_png.rf.yRNyJ9yNgVco6kGi969Y.png,I
D,13_png.rf.rEijgWv7gEpMs5oAVhOz.png,A
D,14_png.rf.K329YkFSB3Ov7Yc0uxQK.png,A
D,15_png.rf.Nw1AYyB4ku98gIwlslAy.png,I
D,16_png.rf.Vt2SQFIKZ5B4mG3qYzSz.png,A
D,17_png.rf.gUcC42RILOPnlOKQMp3A.png,I
D,18_png.rf.1Y42sOEi0CsXefDuchZw.png,I
D,19_png.rf.10Lf9AeXcJ9CrInHJIMw.png,I
D,1_png.rf.qIEeuTJlIcmBvJYPP1vj.png,A
D,20_png.rf.9D0sVzaxrMy9MwGsKzJt.png,I
D,21_png.rf.gV6AJ8dwPOnRNZiKXBex.png,I
D,22_png.rf.RRmpbKVbSjfuzmGrrRka.png,I
D,23_png.rf.1FwsBN3seEj4r5HBwDWy.png,A
D,24_png.rf.UFp5ma9dFjE3V9GITRTK.png,I
D,25_png.rf.B5PQMTGEosNok1LkpmSE.png,I
D,26_png.rf.ljF023lW2uDdxGn7yqVO.png,T
D,27_png.rf.AjqBLjeAHO4fPc67ZFp5.png,I
D,28_png.rf.lqIvgwaJKVzBSDG09vu8.png,I
D,29_png.rf.QkMr1sOlKj66g7jkXCUs.png,A
D,2_png.rf.Crlb9GqtDa4qCVFPnrMC.png,P
D,30_png.rf.1joc4areImNQntxliWIp.png,I
D,31_png.rf.Alv0ZNWZviH8cvjgpBRo.png,I
D,32_png.rf.HoQUXbhEUC5bDfldhqgQ.png,A
D,33_png.rf.bDTs6EjrV7zXSKUoNsJ7.png,P
D,34_png.rf.zYSqJnUmSWryH56fbMX4.png,I
D,35_png.rf.tYovipJ7xZJMKf3jqNFL.png,I
D,36_png.rf.BIHNGHSvTR6DUuqXuAA0.png,A
D,37_png.rf.652S5ynDtHpyPDjZNbmD.png,I
D,38_png.rf.pjteeAW6YArCNfdBNaJd.png,I
D,39_png.rf.VzQLDdnBNzHpDZ587hSA.png,I
D,3_png.rf.tlruN3S7MXdjiWAW2QZX.png,A
D,40_png.rf.MTX7RbN4HLa3hZKWBqtD.png,I
D,41_png.rf.iq0F7H8WtPzpD0nNPAId.png,T
D,42_png.rf.LfkJ5KwrGDBiaGIVSV8j.png,I
D,43_png.rf.HNH8UUDRMNkgnZ0pZ4kc.png,A
D,44_png.rf.q1TWy3H0obR988VaPBrf.png,A
D,45_png.rf.QK3uCbs0Uj7ytZvPcg73.png,I
D,46_png.rf.kM7VXse0Oh62xGkNNqmg.png,I
D,47_png.rf.Oczr3Jx3BFQT4qNkW8Io.png,I
D,48_png.rf.RAoKum8HGOrmlsw6Xlgr.png,I
D,49_png.rf.3A9oLBIHh6mrohC9nbvO.png,I
D,4_png.rf.6HzMJTfEotRHdTIPjedq.png,A
D,50_png.rf.OyNGbK2EHrnQGgi6WovQ.png,I
D,51_png.rf.TlenZuLTjeBj33E4nVao.png,I
D,52_png.rf.YI0r8mBoBen3eNn2Kmdg.png,A
D,53_png.rf.6mbckvSTiMhWQQnojp0M.png,I
D,54_png.rf.5HZMwJLyFlAu4zfpn6QJ.png,I
D,55_png.rf.iqczk222GiMlT1o2zrbw.png,I
D,56_png.rf.mXJPX36B6dRz5KwgXpDG.png,D
D,57_png.rf.CtnyQOV2pKooMAgQxliX.png,I
D,58_png.rf.JJQjyx1xy79v7ct7K89u.png,I
D,59_png.rf.nlueDj1BfEt4QOBrKthz.png,L
D,5_png.rf.WFl6sjZ5VS87sdEcsozi.png,A
D,60_png.rf.tk1cn02JfhBaU3TbY1ux.png,T
D,61_png.rf.Pf744zgHI5R7cVyYsVfj.png,T
D,62_png.rf.X1cVmoDemreGGc59Aiuv.png,I
D,63_png.rf.I62ErKzWb5ry94vkN65v.png,D
D,64_png.rf.MqAt7ZiJlPZ7fejRpazn.png,I
D,65_png.rf.28B5s5rUxxL5hl3KAcUm.png,W
D,6_png.rf.d1Qz635rQ77ptj3okccb.png,A
D,7_png.rf.g3bj5CzoxH75zpKPPnLt.png,A
D,8_png.rf.HztA65zaEjTfCbGcIfly.png,I
D,9_png.rf.9BA0cDuyq9MNFX2fgEO1.png,A
E,0_png.rf.JWuOKoqJNVrEmLiomiLX.png,L
E,10_png.rf.Sl4XoC8R1PS69iEfN1rn.png,W
E,11_png.rf.aLuR7GZQhffMyI24QT6R.png,M
E,12_png.rf.F7MxiXYoh112egX3JBGC.png,W
E,13_png.rf.mL4OwYhiL4y0GWRYMjTB.png,L
E,14_png.rf.hw1i0s2OlGUD6uKQGI8M.png,W
E,15_png.rf.E0ebGFxoCSU1RNYjgEtX.png,B
E,16_png.rf.KijpCbnZojxgePiYjHzO.png,E
E,17_png.rf.3ettTOjbbYrponKLfXha.png,E
E,18_png.rf.jGmUd2yHuW01sqCQOvel.png,M
E,19_png.rf.Hyu72vsoW8K3rKhtxExi.png,W
E,1_png.rf.aN7IuGcC9gErEbPuS4KM.png,M
E,20_png.rf.V8MNZovN7SVoe0pHZvuj.png,M
E,21_png.rf.HWqADi6dn4NI5ygkSsQT.png,W
E,22_png.rf.IMMXLLaVaPa17CN9tBQf.png,B
E,23_png.rf.ktgM3kpUOCPxVLRDbnjb.png,E
E,24_png.rf.EQAxZlqcIwc7uWBPyuXX.png,L
E,25_png.rf.s8VoSlbfhLnknSFFI6FL.png,M
E,26_png.rf.n4AqCJig7igCHtD5N02d.png,L
E,27_png.rf.XiPTW4SdPrb4Ri2mVjo1.png,M
E,28_png.rf.KDEcUXtiT5xmsN4OmSzH.png,W
E,29_png.rf.NL5OHqQlvm0OBTqihDnQ.png,L
E,2_png.rf.YYShtjyHKxXqEk5IwNMi.png,W
E,30_png.rf.CENzyOYzp78Al0jxvl1W.png,W
E,31_png.rf.DyUPZqEgKuPsUdgqxD6f.png,W
E,32_png.rf.iGMCsZPwc7tiFtTZABSe.png,E
E,33_png.rf.oGrTMVCrsUbjmOVpw45G.png,M
E,34_png.rf.EgqpYLBgwtk5zmVu3VGY.png,B
E,35_png.rf.hnP7Y6QPP1Tf1s3pdkC1.png,W
E,36_png.rf.VspmTmR5tWzL4UpYuzU8.png,L
E,37_png.rf.61TwHeUepUCbMwYHsyvj.png,M
E,38_png.rf.fQiR0BVmrshp0pemYSSY.png,W
E,39_png.rf.L1Yrqkqi0ek3d0grhNVK.png,V
E,3_png.rf.svUzL8yQqxe7V8B1EoH3.png,W
E,40_png.rf.7QaxvbvsWzi9QqmPX3EP.png,W
E,41_png.rf.Ym20FDwRQoavDBvsRjpo.png,W
E,42_png.rf.CLMP6J9Ldq0fVBM0U21h.png,W
E,43_png.rf.SkwLcns9VTcwSfqXUvc0.png,W
E,44_png.rf.F5IDT7pUZk6vmBmI5T01.png,V
E,45_png.rf.MKsUPAlQ4wIouYYJKFPK.png,W
E,46_png.rf.Hb4n29aAxReWcJ51EkJn.png,B
E,47_png.rf.icjAItnKMH2cKBaW0Uwp.png,O
E,48_png.rf.rdZ72HouXFM7vFA1kFg9.png,W
E,49_png.rf.B3vtWzbd2Rs1jPZYOFbt.png,W
E,4_png.rf.SDoDj0g9vPoRJFJzZtX3.png,Z
E,50_png.rf.PWfqZaYAVvBFGg3SwGkf.png,E
E,51_png.rf.l0fjlZFhIJkJwrSnbz86.png,W
E,52_png.rf.1CiEGbbSDL08BgCZvPwb.png,M
E,53_png.rf.2YZvMf7G3Oel3lIz9JWI.png,W
E,54_png.rf.rM7Gjy6YKlnW0iPAfnqe.png,W
E,55_png.rf.P2BvYhjzv3vtMsLGIzvI.png,M
E,56_png.rf.Bk25MguuvHDwl1Lv56Ts.png,E
E,57_png.rf.AhdQ1QHq8mV1zdEuvo49.png,W
E,58_png.rf.h9HpjnOAy0wpYq1rHe32.png,W
E,59_png.rf.8ZOgkSELDHliLIVWmukX.png,W
E,5_png.rf.UalOwUAp8ccGMkjNfGfw.png,W
E,60_png.rf.12k6MQHUkADT6mWZ2SpV.png,W
E,61_png.rf.HoaQWQS8guEuPq1pf6ee.png,W
E,62_png.rf.KEjlLOYyzM80BTmgCTcB.png,W
E,63_png.rf.GaR0LPBhWMclQihztU30.png,W
E,64_png.rf.gGB66v8U85o32COxnmlx.png,L
E,65_png.rf.6k98QN0bO93p8AWhwfdn.png,M
E,66_png.rf.ww4sb66ASQKctjc6VdF0.png,W
E,6_png.rf.5bvFf0KBDSlXEctbQcFv.png,W
E,7_png.rf.SVKnE9okoGUoRMPji66z.png,M
E,8_png.rf.dUzVm7xoY6eiNXEys1yp.png,W
E,9_png.rf.bpbcCHEZCkAWsH8OywlG.png,W
F,0_png.rf.Xv4YN7Z0rxK1YxSGUpGi.png,V
F,10_png.rf.zioHMO53f0RclcOlIYOl.png,K
F,11_png.rf.VCq2tfJJs7UhBK8HxdI0.png,E
F,12_png.rf.uTsvWLfqys1U6t2HJF89.png,E
F,13_png.rf.NmLuUcvhqUMUm5SlCPQR.png,E
F,14_png.rf.vYiMzM5Xt3hkRGEiXkIh.png,E
F,15_png.rf.U692eZt2FxrSnv2ihTov.png,5
F,16_png.rf.ZoUXLHB77h3pVeP0joaa.png,E
F,17_png.rf.VQ8iRlTQptAcmokOyLsk.png,E
F,18_png.rf.6Yj8PNcJEKF3ve9YLrye.png,W
F,19_png.rf.UszGIfaYpEyn3nQ9Gwbh.png,E
F,1_png.rf.QUBHAf9EKH9y6D25uvic.png,V
F,20_png.rf.Oc9c0xDNtWLafm3YVIWs.png,W
F,21_png.rf.WKZyWsqrjw0u6Ewr3zwa.png,M
F,22_png.rf.NC1mOtlrEWZqgViPzqSx.png,V
F,23_png.rf.hOrnIUkyXueWK9C5XsVQ.png,A
F,24_png.rf.nFTMY8oxbZ2nKpk64XDm.png,L
F,25_png.rf.miJeYqbLqXBx6O0eEaG8.png,X
F,26_png.rf.nUhOMqfqoYvxMyAPNyLu.png,K
F,27_png.rf.9QE27rxHu19pIBMYk3nC.png,E
F,28_png.rf.JVamJehhCQkQm4mgdEnK.png,A
F,29_png.rf.i5UhtcMv7ASsgFL0alok.png,L
F,2_png.rf.hgox8zoLE9UyU5sKkNhG.png,E
F,30_png.rf.ZJqBMHHHGFPK3dBxAjNj.png,B
F,31_png.rf.I6ajowP6IGOFIBhm3aJR.png,T
F,32_png.rf.JFIii2NyxYofMlnRu4Vm.png,O
F,33_png.rf.DYpeocrKBcUftnP1vmLW.png,W
F,3_png.rf.ZxY3GMo3zh18tk2WxTd1.png,The hand shown displays five extended fingers. This configuration does not correspond to a single letter in the standard ASL alphabet.
F,4_png.rf.wNfY2c3NTQlwcs3CYQkQ.png,W
F,5_png.rf.7qMZph8zwqcMncF1KKgD.png,W
F,6_png.rf.IkD8JPE4V14BxXY8I3tf.png,E
F,7_png.rf.O1g2hyel0LFPR6DehtsM.png,E
F,8_png.rf.5iVKh2QwkaPVHtoqlUaD.png,L
F,9_png.rf.9CevTm5r6pvDHRs8IYM0.png,W
G,0_png.rf.71OyuO0cfZM2DpCeMkDy.png,D
G,10_png.rf.S9pfMJZ5WlTQay5Bw8KD.png,I
G,11_png.rf.hwOEN6vQNVEK34b8LOXH.png,D
G,12_png.rf.hrFpaAi5z8QG7iFIB1DB.png,J
G,13_png.rf.ZPp3kLNu8KRdW4VyUxgr.png,I
G,14_png.rf.k9xm0upPsQh1ELvGrMuM.png,I
G,15_png.rf.azgbCid5XhhZveyKG85U.png,I
G,16_png.rf.ezca2Z5OJEVnmuVAtMRE.png,D
G,17_png.rf.cM7zvynOc1o2a3y1ixI4.png,D
G,18_png.rf.KJdk9OFt3yfZSZNNlWMX.png,P
G,19_png.rf.ZSk45w8T6b2mDFtBlnqm.png,D
G,1_png.rf.cOvIhdb6QKAD7j6NsDCl.png,I
G,20_png.rf.OVBNqGfNlKciMg0Blydc.png,J
G,21_png.rf.IXWD2MqS3o4exw20q3C5.png,I
G,22_png.rf.XweKQrIesXIYTbfSGfFd.png,D
G,23_png.rf.6rn4Yh2KpLqf4qu31SMd.png,L
G,24_png.rf.NKdI6ytvZcBFVGSsqloW.png,I
G,25_png.rf.bc6yGmjoSAHqBfimJiZY.png,D
G,26_png.rf.HIGVXMajSkoUcp4uc7Om.png,I
G,27_png.rf.23ainhyiIK8bhKhNAFQU.png,D
G,28_png.rf.lfxdYVxCpghZGEbaEcMK.png,D
G,29_png.rf.2ijOtN52LSxWmEtC9aKv.png,I
G,2_png.rf.0NUd4cR4n05YEuJ9feas.png,I
G,30_png.rf.De1MXarrsb76K6qiYK9J.png,I
G,37_png.rf.C42mNerJeGvIlbaU7ErE.png,D
G,38_png.rf.l0wCDFJfUTs9z941JuSt.png,G
G,39_png.rf.Z7qP6BR7Be4qlo444dsv.png,G
G,3_png.rf.tLb7q7RNDo8R7Addi5NP.png,J
G,40_png.rf.5FO3QjqdQkCWwu4NCUnb.png,D
G,41_png.rf.ocMTy5jnGEu7lf7Ll3G2.png,D
G,42_png.rf.Id3d4SeJDagSmt9D6fJX.png,J
G,43_png.rf.ertayBv9NM0ujpl0HP1d.png,D
G,44_png.rf.w3pnndJHaXeK26dBHHBU.png,D
G,4_png.rf.splBWMJrLPZHrK4bm8M5.png,D
G,5_png.rf.BL0WXRqlZmMhtgFM6BrT.png,D
G,6_png.rf.7cs4Q0AGjxsHU2F60poc.png,D
G,7_png.rf.OzcAxNTcES5JDCUsX0r7.png,I
G,8_png.rf.OwJF94ynsEt3p7yC7nHv.png,D
G,9_png.rf.6BBPuxhYlfeHfDKMxoB4.png,D
H,0_png.rf.QhfLjuISCQm3ltpoevEF.png,V
H,10_png.rf.R5bnISDN4vm369Zob0Be.png,L
H,11_png.rf.pV4UWEPuBeRzs3rJLdrr.png,E
H,12_png.rf.dYimKOuIeNq4DVWXqDmi.png,W
H,13_png.rf.pRDftWPjWmul4S5K06Oo.png,V
H,14_png.rf.yH2hPQ7m0hLGe7N0GALc.png,B
H,15_png.rf.2Oqj0EbtzQ4o5UdZo9PX.png,V
H,16_png.rf.65CH67FpgnU0cM1gqZ7Y.png,W
H,17_png.rf.2eysPbCLM0ZGJi7XeoWB.png,D
H,18_png.rf.4wqZA0f8W4tlE1FaOpc5.png,V
H,19_png.rf.HdJ4WUCKopcDVchqsLdk.png,E
H,1_png.rf.1C0n5VoATGHCmuhvOWXj.png,B
H,20_png.rf.qszb2zTytuOnkqDgD6yJ.png,F
H,21_png.rf.36dh61uB0EnIUY9UHzLD.png,A
H,22_png.rf.YXy879XTmMcHcw3dShR7.png,E
H,23_png.rf.fTkYoFhXFXkwjW8kRVio.png,E
H,24_png.rf.hLOzgdY3puKRStTLC3n3.png,E
H,25_png.rf.YCFWfBydIqQObKknbKhJ.png,W
H,26_png.rf.LrxZCZpFqocFWNjo6RMT.png,E
H,27_png.rf.QeCMPiRQqDVdU3278rvT.png,W
H,28_png.rf.zQCoAhHOa07PWYqaLiVm.png,J
H,29_png.rf.5nRYeAMVvHxkNnqbAK3i.png,A
H,2_png.rf.BhvOw09ELas4ozl1Logp.png,W
H,30_png.rf.CRdkyQoONX5z4QDIyWUj.png,M
H,31_png.rf.tsAOkOihptwqM1NczdQo.png,L
H,32_png.rf.YNKeOSofVAsJFB5YgfFS.png,V
H,33_png.rf.csbAX6rhQfFjhCR9oQp9.png,J
H,34_png.rf.EbYjwAD6O61kyEdxjkfo.png,L
H,35_png.rf.1HNV2FqX7GN9OKoYCkFf.png,W
H,36_png.rf.V09cKtvemTHZ2gzz2mnP.png,E
H,37_png.rf.mJIp1rx6CaBxdIKAyuUt.png,W
H,38_png.rf.nn3ga4OHMZjJtkibzRXq.png,E
H,39_png.rf.VmpUDhtOLPPKqKC85lVL.png,D
H,3_png.rf.mg1ivuK335cIDO0FXIfU.png,Y
H,40_png.rf.LhNqZGay9d3XQaJftN6W.png,E
H,41_png.rf.1PtmGmU0hVlBY0SmmyQu.png,B
H,42_png.rf.R4mXsdf9UtwJokgS0GNT.png,W
H,43_png.rf.n6PejBKQGphxXioPIlPB.png,B
H,44_png.rf.Ls6n45H7BaidXCTqFk8V.png,W
H,45_png.rf.GDZSS0GL7ljcRXsuEBfk.png,E
H,46_png.rf.NvecjALkHjxln2X9ZQ80.png,W
H,47_png.rf.lQyF8TYKLokFKvlTU9kh.png,W
H,48_png.rf.8XxM5ZHwTwuTT4cU5SZ4.png,L
H,49_png.rf.8uSJjTvzw8f9zmGaxCL3.png,E
H,4_png.rf.86KTyQ9KvxvqgzccxwBv.png,B
H,50_png.rf.ubtvKd37f3WvgXbL99nB.png,V
H,51_png.rf.hnqlh0Aq8mSxvKu1FwkX.png,E
H,52_png.rf.vVSOc9IKmdRUNx307W8w.png,M
H,53_png.rf.pNcOm2akr1v1IOAgX4KW.png,L
H,54_png.rf.OFv1mnUUXdOx9x1hDCoD.png,L
H,55_png.rf.kdnDHnNRZcSKkVXsipuN.png,W
H,56_png.rf.0tjyrVRv6ngJxAWccjA9.png,B
H,57_png.rf.yVW58FwKsmNOq1Y4qvZf.png,L
H,58_png.rf.e4WEQOrr8dnvwtPaZb46.png,A
H,59_png.rf.tpUseNd6QJYPLCxvlrPE.png,"The hand shown is in a relaxed, resting position and does not form a recognizable letter of the ASL alphabet."
H,5_png.rf.03EOORAkZ0baCATIEmog.png,F
H,60_png.rf.kM2lmKQhY8EqWZtX82lR.png,E
H,61_png.rf.nTYRLLstecRQVqu83CJG.png,"The hand shown is in a neutral, resting position and does not form a recognizable letter of the ASL alphabet."
H,62_png.rf.q0ZyxVt216WtWslk8CJ7.png,W
H,63_png.rf.zuvTNczSlBUwDutuV5k1.png,B
H,64_png.rf.w1AuMMVufMZGy56RjrMJ.png,B
H,65_png.rf.s5um3SIdToK25UyDCOVV.png,A
H,6_png.rf.uUXK2LHVkLur6dXvNAk2.png,E
H,7_png.rf.3qZ3YCewF33y7P0DLtgD.png,X
H,8_png.rf.P6JTwj667bC9798PZech.png,E
H,9_png.rf.CCUvVHujHRMrskRULH2e.png,W
I,0_png.rf.pdyVvlctcR2CaxxaP3DX.png,T
I,10_png.rf.0OY1RYlpE5nNycDQ9a9W.png,I
I,11_png.rf.ZU6q8XikmH0i5Ht5s7Fc.png,R
I,12_png.rf.mhnOaSzWoITjoDaP9VUS.png,E
I,13_png.rf.8dHRR9ES35w8FluGoQDG.png,V
I,14_png.rf.uLWCGYrzO8kiSg9SjE9p.png,D
I,15_png.rf.5geMniaO07W5hRvsG2hb.png,I
I,16_png.rf.EXrcBLg0G0THMtSGw8hG.png,I
I,17_png.rf.ZR4BiLJ1DLgCaVhnNU7R.png,I
I,18_png.rf.7XGQnh7tjN3zvHjrn5fw.png,D
I,19_png.rf.3vUGlpAcWCtYdhNlid49.png,P
I,1_png.rf.ofBWjr2EHJsoce5s9Qsh.png,I
I,20_png.rf.qtz9OdMKNnUPT7qAx0Bf.png,I
I,21_png.rf.xgACmBzWLF6nJsdwYK6R.png,T
I,22_png.rf.DKflsztaTSB2JPMIbtVt.png,R
I,23_png.rf.fmseqMOse1f3FPqoHMWC.png,I
I,24_png.rf.XBRXprk7i4vafVVOi8fJ.png,I
I,25_png.rf.b9UEGFPd5OapprjIeaUj.png,I
I,26_png.rf.RotRcpIloGoJ7PIbu221.png,I
I,27_png.rf.ZqoIoaauMuzSAH8eDd22.png,I
I,28_png.rf.waNFi83rWshoetKnA8jR.png,G
I,29_png.rf.iCBExhAqm0ekOz1S5ifg.png,L
I,2_png.rf.RXKnpGsnx6OPkszpMcLl.png,G
I,30_png.rf.zOdchfXx6Lk8dDEWEy2Q.png,I
I,31_png.rf.hPkwOKxdI22KcCsoKMIA.png,I
I,32_png.rf.Z7lOfRx5Imztw7J8QJyx.png,H
I,33_png.rf.tvDy4QG9evDIKYQkdRsb.png,V
I,34_png.rf.6uCBzUx142IeDlEqyF0A.png,I
I,35_png.rf.4x0exvUkgagU8LEbnwWj.png,I
I,36_png.rf.BG6hsmgBmQpD3pCqJiuv.png,P
I,37_png.rf.Mrt1KVQthkrYtljNrdEb.png,I
I,38_png.rf.2yAC5WvArgkL62xQ5EVg.png,I
I,39_png.rf.JpI9IL1jQAwQe6NBb0o3.png,D
I,3_png.rf.Dnslcb3jXIh8zod2Zg5M.png,H
I,40_png.rf.tMJoU4RgX4VMmyuzx1eB.png,D
I,41_png.rf.HIYinBMrNE5Lp1eULtqV.png,I
I,42_png.rf.h5TsSuzcQSsQ9dODJk0L.png,I
I,43_png.rf.4WTjUA2GFm5mhk9iGpDI.png,I
I,44_png.rf.ZMTpdhzubkQi8bxvg69F.png,I
I,45_png.rf.1mmJsF4EsYk91lLC3AES.png,I
I,46_png.rf.DzLCj5k2yM3R9gqddHjh.png,T
I,47_png.rf.f5m5zNFd4BFFvRJIAIm6.png,I
I,48_png.rf.OdUGXiufhhJSRahamA0Y.png,P
I,49_png.rf.R9FHOov5xhZV6nhDIr2w.png,I
I,4_png.rf.b5KTVPeTlTOevwGcvEqY.png,V
I,50_png.rf.EoCeeAReZJ9jcKzIUpqc.png,I
I,51_png.rf.WyD1LHargrvsyyZTJnqt.png,I
I,52_png.rf.9OEHpChqpiOfJH1w4iQa.png,A
I,53_png.rf.AhSugBfviE3FYjdH6Nwr.png,I
I,54_png.rf.3OjJeu3uVJrjEJuYkuVK.png,T
I,55_png.rf.CMx36ZZ9UNnJeGF4RxvQ.png,I
I,56_png.rf.qkk2PBp9Ty8w1Q8zCT68.png,L
I,57_png.rf.eNGAnX4WaLldCiJ0Cb1o.png,I
I,58_png.rf.eDaucygHwpcz4HxPgpTS.png,T
I,59_png.rf.d76518L6cRCSHfdRc1LW.png,G
I,5_png.rf.3781i10E6NppVi6tbeDF.png,A
I,60_png.rf.UMxbEti4atDmBmUtwN6k.png,T
I,6_png.rf.MbU7pXXTnF9lGMQ1GgTb.png,I
I,7_png.rf.W3qdY7gFKSNUdsPrO3rh.png,D
I,8_png.rf.7FcOfEEdtND1evcCaTUn.png,I
I,9_png.rf.2h5D3E4bNeR7R2tgm1V8.png,I
J,0_png.rf.HkwB6GEKn0Aub2WzG1VI.png,F
J,10_png.rf.tCCgAccl2h0JVMr0cUPR.png,V
J,11_png.rf.0afowx4jDWwKeTL2C3Ys.png,J
J,12_png.rf.4j5x1OaobXFxST0F8lQG.png,W
J,13_png.rf.IpxnG7Dghxu8qNchmAeL.png,D
J,14_png.rf.RPOvRjhzD1jZM6FsPLaw.png,F
J,15_png.rf.CWFKl12vIJORNoj7iUok.png,F
J,16_png.rf.UhnTxCVlD4GqIMzL6KGf.png,B
J,17_png.rf.gjAqLUO6twApNaT0gTbw.png,L
J,18_png.rf.xs14JbUVzBocgON9AGIS.png,B
J,19_png.rf.IXWJBIFbDGAq1sojwcAV.png,N
J,1_png.rf.OcmiGRkEyrwsZlRlPtSp.png,V
J,20_png.rf.ARNQpBVxMz77v6dDrjqj.png,E
J,21_png.rf.Qk3tBr9FTI1wrBORe7lt.png,W
J,22_png.rf.EIKcn65uvNCBFjIhHQlR.png,K
J,23_png.rf.eISUvSuvMxgcpfgpHt99.png,J
J,24_png.rf.KNBrpObOtSQ8p3iJgdFe.png,B
J,25_png.rf.XPbJtHihAKxpet97ajEw.png,E
J,26_png.rf.S16t1cVkLQVhs5jUEFip.png,E
J,27_png.rf.HK4qxPgsq3453a72Rtmo.png,B
J,28_png.rf.1FoqMhuNdPRz6S3MwcJF.png,W
J,29_png.rf.nn3XwPyCKgXRgDIok8lF.png,W
J,2_png.rf.nAJFq9mWZn23TPoW97jp.png,D
J,30_png.rf.CK4Q0zplSQ1S5PjDKhUt.png,E
J,31_png.rf.2TcZjE1EplIdQ2sv7ue3.png,L
J,32_png.rf.tAsabUqy1JaqSgsskZL6.png,D
J,33_png.rf.pkMotPB4wY3XyTCAcJYT.png,B
J,34_png.rf.jZpZYUFQ3FmpwoDLT6oj.png,H
J,35_png.rf.Npo9epfP8MFQ8BhMuoeF.png,E
J,36_png.rf.lzGuXKJx2iF5n4gf7rt8.png,B
J,37_png.rf.5zh6bjuSiCtWPitVtESJ.png,C
J,38_png.rf.K3VZd7WHSFfL1qNXokmr.png,L
J,39_png.rf.oLGxFKJQ3QazvvCI2sD8.png,"The hand shown is in a neutral, resting, or open-palm position and does not form a specific letter of the ASL manual alphabet."
J,3_png.rf.xFSHWAKjb6CZLq7hfPzx.png,E
J,40_png.rf.HXN330EmYuf4NGiUTUyN.png,D
J,41_png.rf.7Rw6hTt3qV0YIPH9SC1q.png,D
J,42_png.rf.d8HvAM2grem5WRuxTURS.png,W
J,43_png.rf.V3ZR3DEj19hzuxCzdPze.png,S
J,44_png.rf.J7XTIkMOK5ymzOQVFGYl.png,L
J,4_png.rf.7msDSFzFsW49ZUBKRVYo.png,A
J,5_png.rf.SiOawiQXvmfYuVP40vbu.png,L
J,6_png.rf.fPzu1AoYZ96cPjRsuxrr.png,F
J,7_png.rf.dVbzza5m1uuqsGeHpeGs.png,L
J,8_png.rf.ZQPh9RixZGqjHg8AAQPR.png,J
J,9_png.rf.kX7tjb9urT7btB69ZMZK.png,B
K,0_png.rf.t5jqyfjsiU6aaHXJ3jpH.png,V
K,10_png.rf.eLh49W7gBYAcE15oCQkl.png,V
K,11_png.rf.gosaurEm5ArovcAvbzUR.png,V
K,12_png.rf.vHCgXUmDd3JFl09H3Ehd.png,V
K,13_png.rf.2ucPb1ICFOs9NAy8bOP0.png,V
K,14_png.rf.0Qj9T6xhmRrcmr7y242r.png,V
K,15_png.rf.7UTrntVHiWTSrZf66gRA.png,V
K,16_png.rf.OHi2xRaOtBj2wWZddydW.png,V
K,17_png.rf.OHqbe4tVyButICA6eo7g.png,V
K,18_png.rf.iVuHdeQoCOXOHgsBNTei.png,V
K,19_png.rf.IGjuR0Iv9KzDAcoAcCnU.png,V
K,1_png.rf.14DYZy2I6zbmTwjVD7NZ.png,V
K,20_png.rf.xDvpxOGhqViwqOCFjcnx.png,V
K,21_png.rf.g4gXDnIsyIcn4llNS6ty.png,V
K,22_png.rf.DrmzCbuAzhQ8bkcpp1NL.png,V
K,23_png.rf.40VzspdISdjzkxxdS0PI.png,V
K,24_png.rf.IrSx7SL6t0OjLqf2arcG.png,V
K,25_png.rf.tu3H7NmyayYisD9xOZwQ.png,V
K,26_png.rf.cjh2uToerX2F59xEmazK.png,V
K,27_png.rf.ELikLLElB6vXy93fWfW1.png,V
K,28_png.rf.IRvBjcwWzgvNDZEtQ1nc.png,V
K,29_png.rf.DLwl8hpEENsHSFwJJnDi.png,V
K,2_png.rf.PCr6IY864A8IuMmZdYuZ.png,V
K,30_png.rf.PcociKthgQKUH2HDwGvM.png,V
K,31_png.rf.0MXKenqJ7zRyozxq547D.png,V
K,32_png.rf.9lxc9c3QbKhC0ib1qEhk.png,V
K,33_png.rf.b5kivCYXkQct6Ez6NaBv.png,V
K,34_png.rf.7hA5WzrU3l8Fh4OdW8dG.png,V
K,35_png.rf.1a3OYzgC7yiIvQXrh9mJ.png,V
K,36_png.rf.YJQH3Amhvba8xqDbwXvN.png,V
K,37_png.rf.l9d2bSrezrZRavX2tz35.png,V
K,38_png.rf.klaO2sY7eYQSnR87Aivb.png,V
K,39_png.rf.uDtmTkGTOIIM6n4YkYmw.png,V
K,3_png.rf.r6z4pgkgqx7Ey4cEB7ab.png,V
K,40_png.rf.Jd12Lm04aUkwONnGRLml.png,V
K,4_png.rf.aOwZ0Arw3yv9XJpQ13s3.png,V
K,5_png.rf.n0IuKa0igxcQYEqXO3iU.png,V
K,6_png.rf.36dsc7LYFm4UYdSfn9Ak.png,V
K,7_png.rf.B220Ijlig2D43T0ddmTk.png,V
K,8_png.rf.3G0El5uU9yBFjmCJDrWB.png,V
K,9_png.rf.9lKwcmAxzEv4YX4hjT5j.png,V
L,0_png.rf.bxsKEZQtCu59bGtQDiSZ.png,I
L,10_png.rf.0ivOkvR125kzkliFkNrK.png,I
L,11_png.rf.xKBOyEVTWxDyah4jOxxD.png,V
L,12_png.rf.NrBTFggao9L80JWNfjoN.png,T
L,13_png.rf.NGs1TykxA8Abh9qtcbII.png,P
L,14_png.rf.tcvZBX6eqjyBad3y1rvl.png,L
L,15_png.rf.rP63YNJOEMT7oVChyt1U.png,L
L,16_png.rf.0rNL2JHBMcisv0DiZhVa.png,I
L,17_png.rf.5O2DOSMBw5bwlUgJARqs.png,I
L,18_png.rf.UvOSFXnkyeLN4LHp4thB.png,D
L,19_png.rf.PIu5mJuPlauCM5NV34sC.png,I
L,1_png.rf.JlaMQG6o1MYcZaowRRYE.png,J
L,20_png.rf.6hpaUdo8qDxnlzF8jXZF.png,A
L,21_png.rf.vkyhQikDJ7kIg27RzIim.png,E
L,22_png.rf.R5ZTjBgVY3hRFkCPolFm.png,I
L,23_png.rf.aVZNkBJyAztat04fJArB.png,I
L,24_png.rf.syfzOYYOfnkCHfxYO0MV.png,I
L,25_png.rf.NAJks7U9QU1gZkUHsi6e.png,I
L,26_png.rf.cPIuF4dPYEKUUwF2FrNK.png,W
L,27_png.rf.1J2Z3l4srfMeilNKFjGo.png,L
L,28_png.rf.2BruiPqg4RGCzkG0rfl3.png,J
L,29_png.rf.D2qynvJGM8yvwxKnbOGL.png,I
L,2_png.rf.gThGpKlh6Pij1EljnvGC.png,T
L,30_png.rf.BWmN287xz0rLzqBqDHii.png,I
L,31_png.rf.FVNxZ0GOGbLman0ArknK.png,R
L,32_png.rf.En1rV9xp3S6uVh2UmBZA.png,D
L,33_png.rf.ZvKiRMvqc4bbxpIiUHv8.png,B
L,34_png.rf.sMR2v8JprzBiz2h6AGvL.png,T
L,35_png.rf.CAvCQ1Bv5psgaRrOrIdm.png,T
L,36_png.rf.17z6ZpyKWppZKZkmKNue.png,D
L,37_png.rf.U5p274u88CEcsOIQfMW6.png,G
L,38_png.rf.GgQugrbGFFRVZpmEL5KS.png,E
L,39_png.rf.GIbdSq3cwnDXzZIXVNRI.png,I
L,3_png.rf.gIcwc1xvM8GqXEyqz3i6.png,I
L,40_png.rf.OoYClewW029ze8YfXhlT.png,T
L,41_png.rf.OCPLlOSiseRGZCoVFmSn.png,I
L,4_png.rf.C9YH8SF3eSKzfRKK00F1.png,I
L,5_png.rf.ZuN5XePi4UAP26lgfrWA.png,I
L,6_png.rf.JDTzVF5RnlJy6vF8lNWx.png,I
L,7_png.rf.7NHJbn1hPckunBGZLW3A.png,D
L,8_png.rf.7gr0qJa5mlJ5pzmHaI4E.png,V
L,9_png.rf.NQtDKkKF5sGPy9kyA8lH.png,I
M,0_png.rf.gSiML6HCgcCD1kKSjerV.png,V
M,10_png.rf.jNgQAL3TT2IWbLsJp34i.png,L
M,11_png.rf.ZkYUi3wHiaM2G4HCEp9B.png,C
M,12_png.rf.6MN78MGmDfS1iU1to4oP.png,B
M,13_png.rf.D1BMU2mAlZWwx8SBgtQp.png,S
M,14_png.rf.QxA9EICfZJmp8z3qSqtY.png,A
M,15_png.rf.IoM2Lw3RhOkTzCRleena.png,A
M,16_png.rf.YM7pv65ALeU1se5Zjmfc.png,S
M,17_png.rf.Lk4CXT1opXvhsh7VsNzZ.png,L
M,18_png.rf.SxdnNrv6wbXKnjO1KdfM.png,B
M,19_png.rf.WOmzPIDsTOCe2DpmCq5Q.png,A
M,1_png.rf.iVLF9zc3UzpDoibgJeG8.png,E
M,20_png.rf.Fl4q1mgyyh72DLZ67Eiz.png,A
M,21_png.rf.D0I3vo65uVFMQo5tyD9s.png,S
M,22_png.rf.xcroUljEoikdLiCnynxy.png,S
M,23_png.rf.lv7e3i460mEm96OcbpHi.png,T
M,24_png.rf.zD1RIdySDZSp41nX3Ucg.png,T
M,25_png.rf.6x38S9qjPY1T9nSJY35r.png,G
M,26_png.rf.QXdEyUfv2QNoAjxHyA0M.png,A
M,27_png.rf.CGjwtqHw0UrT85LonvrA.png,"I cannot confidently identify a single letter of the ASL alphabet from this hand position, as it appears to be in a relaxed or natural resting pose rather than a distinct letter formation."
M,28_png.rf.WK6S8XKIdmbj8qwdu7o2.png,C
M,29_png.rf.D6tHPWa65r6E4dgZ4iO4.png,A
M,2_png.rf.OR3za0CMg0gcx91zL2aD.png,A
M,30_png.rf.ieuYn2YFwlGVpTSVan3Z.png,L
M,31_png.rf.mAIIQZteXj63L3mkAWRH.png,S
M,32_png.rf.MzRc8fxEhv0hAChaIVnZ.png,B
M,33_png.rf.WmpY6zTT8c86iH0Rpo4S.png,C
M,34_png.rf.zb6TRQg8eXpZDU0yfOtp.png,A
M,35_png.rf.mQp5oDeUkRVDy5EFJKcv.png,A
M,36_png.rf.UJjsOPoRwn4QxIGAWy4G.png,A
M,37_png.rf.Z7gWF4oppq7CJ9sA1Qq4.png,A
M,38_png.rf.E6V75pwV5CouyyxcbsfS.png,L
M,39_png.rf.vpmu2Pcm9aqTp3Dfj9Mm.png,L
M,3_png.rf.ASkFivo0K6YnxP7tXqma.png,B
M,40_png.rf.qEGimsSvU0sO3tuXlDp9.png,T
M,41_png.rf.spEGLrhhN6AGeVdD0yFx.png,S
M,4_png.rf.TNdm721YAocrMfUmQojV.png,S
M,5_png.rf.tRzwy1WEmP4tX2lTrrTI.png,L
M,6_png.rf.FyfT0alQOUrw5vaql6K7.png,S
M,7_png.rf.nq7KjknNwH8H2BacSdVM.png,E
M,8_png.rf.3thWYy9vSn4JYZsaFprG.png,W
M,9_png.rf.YKkO1Lw1DDtYOpBiq0xK.png,Y
N,0_png.rf.pQAOlWZwjjyD8wdn9Rga.png,W
N,10_png.rf.hk2a6V6kLIlttyIUmodo.png,W
N,11_png.rf.i6cKF88chTfvMQYL4Quk.png,C
N,12_png.rf.SN3CNX8fYbNWZE0ESwT6.png,A
N,13_png.rf.MFQunJEghnr0IgEzYeQQ.png,W
N,14_png.rf.i99Z2pU8x4DxN5jBtTyO.png,L
N,15_png.rf.JDQ4gdX70x6fvsGql2BF.png,W
N,16_png.rf.wIrwl2b51HTCHwHoFvZq.png,T
N,17_png.rf.C9Q3U3ekDEbqCHsNbpbx.png,E
N,18_png.rf.WzYsJkaPq9pugt7zcqNo.png,E
N,19_png.rf.PgUYJ6obj0bsxwIxpdf2.png,W
N,1_png.rf.LMTQRJxkTybeiwgSUJB6.png,W
N,20_png.rf.nXlMgC7Cu73HFaoMOoR0.png,F
N,21_png.rf.s22HAfvMq3uyQiQheEFB.png,A
N,22_png.rf.t1mHxNTRfQWTc59drhJS.png,B
N,23_png.rf.VyphANYKyZo5eNEdHBb6.png,W
N,24_png.rf.mEgqmXzZsP1RZ2LJ8yTC.png,D
N,25_png.rf.evDZWnjzVGiZ7SoZN1Fp.png,D
N,26_png.rf.mxbDHVmNM58y2RSVEAOR.png,L
N,27_png.rf.BgNE3ltT7gGzxqdCrfrU.png,C
N,28_png.rf.H3tE28MCNi6w9NYSPI9x.png,B
N,29_png.rf.1MjgHJtiVxDi7y29IBvO.png,W
N,2_png.rf.vAFgxBTE60zrXwrQypld.png,W
N,30_png.rf.2eviL3q5E3rkOlRlaIXj.png,W
N,31_png.rf.iN7mOA3VsAw1xr5NmJjj.png,W
N,32_png.rf.R0UaqIsblFw1gKTWKq9v.png,A
N,33_png.rf.6HRnjg9NPSkwZjfWiDt5.png,E
N,34_png.rf.zsw3ASwtuKpxluk7WAhx.png,"(The hand shown displays the number 5, which is not a letter in the ASL alphabet. If forced to choose a letter based on the extended thumb, the letter 'A' is the most plausible, though the other fingers are also extended.)

A"
N,35_png.rf.PoWnnWDcyBhgC4l4fyua.png,A
N,36_png.rf.6wdjZ1GiIztsn6SSujdR.png,W
N,37_png.rf.RfTIPxJfebS0XQ8rZsbC.png,E
N,38_png.rf.cafhftXwhKMqvLUfMAkW.png,W
N,39_png.rf.TlueYa7npGlrQPmSf4GG.png,L
N,3_png.rf.ttzJosmiVEItSoNplgrZ.png,E
N,4_png.rf.NYcig4fSjcaeXp24v7QU.png,E
N,5_png.rf.XC7YRbykaAHxRCugsnit.png,W
N,6_png.rf.VMdXVQhTjqMVPAbSxxGk.png,B
N,7_png.rf.QboxfwRt7HDh9I2fCL1f.png,A
N,8_png.rf.SNmLnnTKbYs50N1zGqAn.png,L
N,9_png.rf.6xDxkw0lFiBjl5zGcPBC.png,A
O,0_png.rf.kNgGMoM6xmfi2ZQyNsat.png,O
O,10_png.rf.yycjRnwLxAMahKEJKHpX.png,O
O,11_png.rf.mIuiO3arvAZZcKi27zYQ.png,O
O,12_png.rf.UXmH5NdzIGOZfehO7o8I.png,O
O,13_png.rf.AIjdbmXThsSsGWRtnPCk.png,O
O,14_png.rf.GyWQUvwpLRnUmokwkreV.png,O
O,15_png.rf.vUj61i0saoXR5vV1hA44.png,O
O,16_png.rf.9lIFdrDNrVVry4QM3Vkl.png,O
O,17_png.rf.Pk9KdAdE1BBCMtR6k6ep.png,O
O,18_png.rf.XtsrcUchkNji0yfHJDSQ.png,O
O,19_png.rf.OaRWXrZ5JjK7aAP2UVTh.png,O
O,1_png.rf.IHbqgmaQWRE67zwQL6Lp.png,O
O,20_png.rf.w3ErKUQZqj4OQyFSr4gu.png,O
O,21_png.rf.dPd7Qyap24P12DFjfkqm.png,O
O,22_png.rf.UR4Ppao0YsueKZ4BYtAz.png,O
O,23_png.rf.qJvwLPDx7nr23TgjBLce.png,O
O,24_png.rf.hTV6qII6RAKYtK4poHan.png,O
O,25_png.rf.kDbQO34o69qhhyxOoQFq.png,O
O,26_png.rf.HRYOvGjWvDmwcHgOmLU8.png,O
O,27_png.rf.jjDI5lCl7RoqgiDQrQYE.png,O
O,28_png.rf.N73Nby46dEXI3xfvctsm.png,O
O,29_png.rf.5GeKNKXayzOLVmNgEV1f.png,O
O,2_png.rf.RvTlRTqSXZhd21pkVpH8.png,O
O,30_png.rf.igyHsCwWIOh1esoop5Nz.png,O
O,31_png.rf.fvEXksRSxT9s6TnDu6Tw.png,O
O,32_png.rf.SzymkFknCoquDuDu9Wld.png,O
O,33_png.rf.H7PUICdYRo4oD67XeZuE.png,O
O,34_png.rf.Rum8JW4A6Khf7Vv7fJJu.png,O
O,35_png.rf.EoVWPYbmL8lGrPouR3ld.png,O
O,36_png.rf.UA5J8zlLPCz7nzhQ9Fk7.png,O
O,37_png.rf.Wj3WQPvPyfHNJEWHgQAm.png,O
O,38_png.rf.960xMGtXablr6we1GTbw.png,O
O,39_png.rf.syjNHDVVsesgDuyDwyxI.png,O
O,3_png.rf.tIN4jokb4fKYf3Ariv5v.png,O
O,40_png.rf.xQylTU6IfVslfC53HQsd.png,O
O,41_png.rf.Pz3khS4a0bwXhnQckQu4.png,O
O,42_png.rf.AmRYZS5uauVobfwX5yLA.png,O
O,43_png.rf.6ozjKTfUfAVEMfYWzclu.png,O
O,44_png.rf.tu0OAmV6WtH5OfMGH3Ze.png,O
O,45_png.rf.80OKnhTYBv0UdpWXjwLV.png,O
O,4_png.rf.UPT5QMu9Yp9KldiNX47q.png,O
O,5_png.rf.An5YV5qn9dQ91WwZz6qB.png,O
O,6_png.rf.FLrP3Fg2ooFk4EGxagi0.png,O
O,7_png.rf.wrtab9Uf3q9Vga0mZCOB.png,O
O,8_png.rf.h6Ho54BBOVnoxKLEgtXZ.png,O
O,9_png.rf.fdr3ZTEtUR4HfEUH3eGu.png,O
P,0_png.rf.Xj7q6y6VFepKuZny7yIb.png,D
P,10_png.rf.9yJYX0ir2H4Q5QdGPMyN.png,D
P,11_png.rf.06FsCCDY6tH7gDwxoT5R.png,G
P,12_png.rf.CL0wyRjn51EYcfupitEP.png,V
P,13_png.rf.vYYQ2UCx55FGBvrw4wPq.png,L
P,14_png.rf.PA9xZCpoWcAQQ4Hwekid.png,D
P,15_png.rf.dPKfhOIH5gJwOWODTFI3.png,F
P,16_png.rf.ioa7Z4pKqi2od6022du4.png,L
P,17_png.rf.hnQCwh5uTjIWg9HYKD9S.png,P
P,18_png.rf.ezvEi0I0l7z7CEuOYQDY.png,J
P,19_png.rf.uJBfYqsgwGNUgSJL8YxB.png,D
P,1_png.rf.b0lQltQzM7n0I4ZJMTaH.png,I
P,20_png.rf.UWtivNbZ5u7zawGkEsBO.png,L
P,21_png.rf.LAiMJdu0ECvhDnzT0LfY.png,E
P,22_png.rf.VQvcaIPFiw42nb6e2aXr.png,L
P,23_png.rf.fT0CF5qAzfD7PP1BukH7.png,D
P,24_png.rf.AWJRJbyrLtNkVfPalTpe.png,L
P,25_png.rf.sQ2BP4hwC5w0JzAtMwIy.png,A
P,26_png.rf.WtYzhERniSMBo3UqN20O.png,G
P,27_png.rf.pbA6pRc4QoQK5uHmCyrE.png,J
P,28_png.rf.EApsP7e1A2qYCcmwQZ9q.png,D
P,29_png.rf.FSgXq0mklMBVvKQGAijU.png,D
P,2_png.rf.geUfM7CsTDUivS3KKoOd.png,D
P,30_png.rf.NfuB4DPMG7aRziHSMZwn.png,D
P,31_png.rf.K5CRGbU1m8QpPiZsdY0S.png,I
P,32_png.rf.O3soXs7nXm5A8bawqYqa.png,I
P,33_png.rf.ECr1Weryekz7llhCQIB0.png,D
P,34_png.rf.nbnlCRTM8jtSztg7OFnl.png,L
P,35_png.rf.p8A6rgq9oNJPP8RSIbv9.png,D
P,36_png.rf.0rMS6lHiUQ7kKNwuHR6u.png,D
P,37_png.rf.KmxCk6X3hmmobUSeLPvZ.png,B
P,38_png.rf.UOCA9naNBuP3DyAlSieV.png,V
P,39_png.rf.BrcPd4PRcELV1Nj1LbRU.png,I
P,3_png.rf.yfKmkLHyhER3yHQv6EPi.png,G
P,40_png.rf.z5rmYDZCYxhvkvnNdsjy.png,F
P,41_png.rf.79UtK8AoFhjtW11oGk28.png,V
P,42_png.rf.8AMkTHkWyYnndoLBNOk6.png,I
P,43_png.rf.kQRza3I05qYx9GX6FvLo.png,I
P,44_png.rf.XCstrfdkdGhMu3toYwAl.png,T
P,45_png.rf.Yl7M9PtGipQdKXD3j4Hs.png,I
P,46_png.rf.wjh1ilOH82m4k1QFIJA1.png,H
P,47_png.rf.2LQTEoB3HyZVGzlpG1eg.png,V
P,48_png.rf.WFApk2pDEA75mEF1M5PA.png,V
P,49_png.rf.0plys6guO7fAb4Pa5smt.png,D
P,4_png.rf.DjircgoTHA1ilXNM3cNa.png,D
P,50_png.rf.IMFe0uziQYkNhyIiEZPS.png,A
P,51_png.rf.ZOYOHRlEXFWkQdnDyQpP.png,V
P,52_png.rf.mqZiOvFyO42AAKfZYcM7.png,V
P,53_png.rf.iiTsdKyN9fhL4GADSqL5.png,D
P,54_png.rf.XYlYRGgqen6nDO9qBNLd.png,I
P,55_png.rf.WwC5669acEi44645ZANK.png,D
P,56_png.rf.EFP1RuRwQbK2C3AcyTzY.png,D
P,57_png.rf.zwEJ1Q4KRiBZnGhDlDSQ.png,I
P,58_png.rf.Q8Lz8CUjmlBp8VXv9nyu.png,D
P,59_png.rf.d73dQkQDbC1QgqAqqNI6.png,D
P,5_png.rf.IZtvtSBREYCsTIU2D730.png,F
P,60_png.rf.1nWmAMIlsqkB1b4aZaZ8.png,T
P,61_png.rf.BXjAuL1YBzXdqo7drnTe.png,G
P,62_png.rf.6ZMUF8CEv3WJ9ROBXT1n.png,J
P,63_png.rf.w2Zgh8PSf2kMkl3Izw78.png,D
P,64_png.rf.ytCU96MrC53iCK4lMiD0.png,L
P,65_png.rf.JiRXICCD5BEXLo1EBouK.png,G
P,66_png.rf.gFYDfa1A2SSjoX7Uo9b7.png,J
P,67_png.rf.pcUuvQvKTr91JmB3sKIA.png,D
P,6_png.rf.2FZwNCWe081E5EewIaky.png,D
P,7_png.rf.ZjwPuLa8GxoLorUaEqVY.png,D
P,8_png.rf.dxmOk2uXRYmUxogN2l2V.png,T
P,9_png.rf.eInj3zL5MpzRSxBcYHrs.png,J
Q,0_png.rf.AoPBoBpHtTyzyhMmPsfQ.png,W
Q,10_png.rf.flwiY5Y4Vu4X7DiBhVjN.png,D
Q,11_png.rf.3r1u80Lnmg41CxSuhPbE.png,I
Q,12_png.rf.5HGSpw8ZCx148ytW6lcP.png,V
Q,13_png.rf.Qm5SUZwfcOaD4fGWevq7.png,D
Q,14_png.rf.SgRXr7cIW2wSgNeph9mR.png,A
Q,15_png.rf.a7v1GBIybwZxU4gB365y.png,A
Q,16_png.rf.aBNlI0gEEw7RNzYsnphH.png,A
Q,17_png.rf.LEt9CJkVpNwL3vKE1r8A.png,L
Q,18_png.rf.nOWrkKHTSOT7Y7aV7a1y.png,W
Q,19_png.rf.ZZezvY2Sk98reiCqPexU.png,W
Q,1_png.rf.v9SVoVpuhrfHrlCkHrmv.png,V
Q,20_png.rf.36cSuUP1g3s5dcnG8RW2.png,V
Q,21_png.rf.8ZX9uYATgqVd6QfJ8A3j.png,P
Q,22_png.rf.hNJXnXYqjt1ibwqzuRkU.png,D
Q,23_png.rf.zKIGWpqxwP0GbW2pjtuU.png,B
Q,24_png.rf.l8hb4voZHlb6J04Qea3B.png,V
Q,25_png.rf.01et9mJGPqG6TVyumvXm.png,E
Q,26_png.rf.nemzERmDW3tiUsRNTJmF.png,A
Q,27_png.rf.vB79L0Y8gqmjnelZcLJY.png,P
Q,28_png.rf.WER5reaBJfW45Q8kiTfw.png,I
Q,29_png.rf.yiCab6y7sn9aJNGta314.png,H
Q,2_png.rf.5aZpDtNKOu8qTkCJnvUw.png,V
Q,3_png.rf.ROiwIaE8ywyvzNyXgUE1.png,W
Q,4_png.rf.5SBG0V4tsU0GCH01rAp5.png,A
Q,5_png.rf.WykuNZ5V0FPwOHK8zCl8.png,D
Q,6_png.rf.2pZsGTpVcKULpVr1pnxz.png,D
Q,7_png.rf.XcIRZqHf88DcfE2DFoIA.png,V
Q,8_png.rf.hTR82zfeixknVLwfQM5Y.png,W
Q,9_png.rf.4rFwH1KSlFPvhi0RLYZW.png,V
R,0_png.rf.DlO88GkEqHTD4DGS9qwZ.png,L
R,10_png.rf.kNqi7e6yIdeB40GQBQrk.png,E
R,11_png.rf.TeVDB16HDNZiHRMANiT8.png,L
R,12_png.rf.IVT75vcu0QaZkJTfWejO.png,Y
R,13_png.rf.rCyCZw02sykUP8Jlo0rn.png,T
R,14_png.rf.0OaaKSwPSlaHP7BKgLMs.png,W
R,15_png.rf.duNPStWBGfL2g0ExPtgc.png,E
R,16_png.rf.PrAvT7kjZVTvShN6oP5g.png,L
R,17_png.rf.Ib67zlx9qx47QV1g7s7G.png,I
R,18_png.rf.zg16PA8p6jEAqGmviWvU.png,L
R,19_png.rf.BpLszmJis55E5ouw2f7g.png,V
R,1_png.rf.RIisrNcxjLx9MBqFuOGV.png,E
R,20_png.rf.ZCfKiFRpqvHPz3vAMl88.png,A
R,21_png.rf.V8vNb1ladADQlUYVXdsf.png,Z
R,22_png.rf.soZmLrMtKIBrDMM74t3u.png,A
R,23_png.rf.zYGrV9UW0xFtP8Tv4aHv.png,E
R,24_png.rf.AIRlQbH1nL1NhleSMWhc.png,I
R,25_png.rf.qrlT25EYfvhGu3ldAX6J.png,G
R,26_png.rf.pJy6ODUUagh6yZfmDKTI.png,E
R,27_png.rf.x5XmcRNklOic1DoREt4x.png,W
R,28_png.rf.6poSeDSbrQf3pmvk0aWM.png,W
R,29_png.rf.tSaklm76TUo0BIu7VWv5.png,A
R,2_png.rf.5LZLK9FzRPr2d3cGOfsw.png,A
R,30_png.rf.pjFCvh1JsPzfVfRRickC.png,E
R,31_png.rf.6b3tszgbWq9MFShLvfHx.png,E
R,32_png.rf.g9zJLmp6XddPBLR1a1Aw.png,Y
R,33_png.rf.O5YjhliT4ttMUigUzpgu.png,V
R,34_png.rf.fDuLKEccBDTxO6nLXuq2.png,M
R,35_png.rf.AvFrqGje5CLlkEf3Xp5w.png,W
R,36_png.rf.HbRUQU7bMYSde6aaiSeR.png,E
R,37_png.rf.joObS50yVYZgKaDDKZ5f.png,5
R,38_png.rf.9f7iZ1rmlC4SOLbtp2JT.png,Z
R,39_png.rf.lWBkLg4681bBRBIzWJ5t.png,V
R,3_png.rf.zWSMFsMlCRABmcP4AMrs.png,G
R,40_png.rf.TG0YnHDh0qBa3661wPJD.png,V
R,41_png.rf.jNuB8vCUtpcPdtBdn7g5.png,E
R,42_png.rf.KnftG91jdPEv76RkP0Ye.png,Y
R,43_png.rf.Ja92QhSPsEBZzZPEhlSp.png,Z
R,44_png.rf.NAfcDlTzHXZqCta43ECa.png,A
R,4_png.rf.LyI9TnhyXM717Qi2TMbS.png,V
R,5_png.rf.vbQS6aZPpWbs7QXxJqvr.png,M
R,6_png.rf.fba90NZMU3dwW56SbEYd.png,B
R,7_png.rf.ekfkOkxDQEQiJyEjswQy.png,Y
R,8_png.rf.F18NFI4C3zVMdTvKRoAJ.png,M
R,9_png.rf.7Txza7a8uKXndmnwgUc1.png,Z
S,0_png.rf.Dk2ENbCnj5ZLcxz1SDN1.png,W
S,10_png.rf.5QL6HVEA69QutKVvdV1g.png,A
S,11_png.rf.D8PF4YP73DHsn6Aqq98k.png,V
S,12_png.rf.u2Xah9idVCrOvIUmsZ1K.png,W
S,13_png.rf.VuHxTHX3UDrqVBgtxgoT.png,L
S,14_png.rf.MCnSIjx0z2YM0uwRJiME.png,L
S,15_png.rf.Ur4CqapRYebZ3lNMCjQI.png,L
S,16_png.rf.vkJhKCQ5Vp0rbWOAjY5d.png,L
S,17_png.rf.PCJQCWuykUaaerQqqd5f.png,L
S,18_png.rf.OjKqnODwkexipz5sbqml.png,L
S,19_png.rf.do5YXmdplT4yhirGRPBt.png,A
S,1_png.rf.N1MEOeXS1xmbicVLgH9z.png,G
S,20_png.rf.DnK7wpTjTcyQ793OKu0M.png,L
S,21_png.rf.GKjAQL4uMDnL30fsc3AY.png,A
S,22_png.rf.sXZBCzDxfMWuWxHgegxW.png,S
S,23_png.rf.AiDATySnJGVJ2XBM6PPI.png,S
S,24_png.rf.YXPG9pRV0sd4BjBrVaaw.png,A
S,25_png.rf.whyXSYNaCy4MPFLUHUlL.png,C
S,26_png.rf.9BCD6lSHqqSw2A8Ns4ei.png,S
S,27_png.rf.WetqeDMrCaKuWAmo3Esc.png,V
S,28_png.rf.ANRpJwsRtVsuv87nuUAn.png,S
S,29_png.rf.NGbbW3wyqToKcZchmgU7.png,B
S,2_png.rf.nOzyS4sEF7YP8gaiRBm6.png,Z
S,30_png.rf.jdeOPSu7Nk8hv9ijHGTO.png,L
S,31_png.rf.qohN8oYgdw7EdIiwOmHx.png,A
S,32_png.rf.lXSLnydeR8iRiezxAwTp.png,L
S,33_png.rf.WOEGXlG5T525N96hoDsz.png,T
S,34_png.rf.vShwt9PhcvgPljhOaLtN.png,S
S,35_png.rf.V3WyUViiRW6Njk2ibXie.png,L
S,36_png.rf.5b9Ney7XaB4jq7iXtJOw.png,V
S,37_png.rf.G2yfqmK9gmwOdUtpMmQZ.png,A
S,38_png.rf.NvNI7m8JN9zsFVXg7Q8O.png,A
S,39_png.rf.aRtyQPhojd5q3ihviaFP.png,A
S,3_png.rf.1rRlpaP0J9ZlkT5QjBi3.png,V
S,40_png.rf.DPt0RJR7f5fNuWxHmZ19.png,T
S,41_png.rf.Mw712ca2Z4DQmAuXRFGO.png,S
S,42_png.rf.Eqn3LkJbcqPk0Uyft8LS.png,V
S,43_png.rf.rsP89QKQ4CUj1EX3kLCq.png,S
S,44_png.rf.dLSaoSkzbqlsguxV1a7r.png,E
S,45_png.rf.KfZK36kNyxi18bH1nAiW.png,S
S,46_png.rf.U4wr5t8fiDzBJt6MHRVN.png,M
S,47_png.rf.qo7C4EhpptGoMOj29GMq.png,S
S,48_png.rf.R4j8SBKQlP3Su26BbHQ6.png,F
S,49_png.rf.xOh9s1tXVJPJ2IGnUwLA.png,L
S,4_png.rf.O1No8bmSB8GTTy7wR1vY.png,R
S,50_png.rf.S71FmQyxSqeSBjTMGjBo.png,V
S,51_png.rf.zY6HYPIHTDMV9MKZfh0y.png,T
S,52_png.rf.GRUpfhiEn0hMrT2Gm3w3.png,A
S,53_png.rf.1U1iRrJ2fKgkkS6LBkQC.png,P
S,54_png.rf.e7Bt9n9WZHsTj4HP6WI3.png,L
S,55_png.rf.R6Qcyqq7DYTiWZ0PC1KR.png,W
S,56_png.rf.SnxSQzJzBybwvbnMFxwn.png,A
S,57_png.rf.IlMaQL6AWGfTh624N9d9.png,O
S,58_png.rf.jeX4FZNI6a00KZDtHL5a.png,L
S,5_png.rf.G8jtFVriLPiOTHy9035D.png,A
S,6_png.rf.Us1WoQQdPPzi3d3cYphL.png,D
S,7_png.rf.4BenxldHDy44Cga8hwQL.png,L
S,8_png.rf.SCuqvQGU9cHONpHmbhdd.png,L
S,9_png.rf.KsZufe45jLQSQQq7u7rk.png,S
T,0_png.rf.TMu3np5t2kV7VTT4kwye.png,D
T,10_png.rf.AY384reMIq66iPABsySS.png,I
T,11_png.rf.SRXKFbTupDVQy8Lq8OTR.png,D
T,12_png.rf.6lzUkCrg1ZvrmFHUaLDh.png,D
T,13_png.rf.7LIAqpOF3rMKIJWam9dR.png,L
T,14_png.rf.sfHlOZ0Gc3hfNyEmSEDL.png,L
T,15_png.rf.5PEnlVfYyyl2rKTGkk6f.png,I
T,16_png.rf.MtO19Yh3KcDBXt0Q0Ujt.png,J
T,17_png.rf.NhsaZu19PsFBMBc7KpXU.png,D
T,18_png.rf.6QM5nARoOBtUg6132gBX.png,I
T,19_png.rf.7ClfsIin6DwLV5yHs6pe.png,P
T,1_png.rf.XdN5Jk0DHpr91OVDfIao.png,L
T,20_png.rf.G3Itw0FfymjWvGSsPrrx.png,D
T,21_png.rf.E63BaArSdZtJmeOHJqwJ.png,I
T,22_png.rf.xDGZVZ3rPxpcE8VweGci.png,D
T,23_png.rf.aM3oCPxMAStWV3n8g7Fz.png,D
T,24_png.rf.qPu1VlSbqekM8z8tTRSP.png,P
T,25_png.rf.TVhUMfqwkBaYfpKDOhFf.png,I
T,26_png.rf.T1PBBQkRBJgPOdEGPVUg.png,M
T,27_png.rf.vCswuw2AJ4bHExJZLYX3.png,D
T,28_png.rf.b9ks52MElllzgLUZQtCb.png,T
T,29_png.rf.ToFaqr5cTeCOUTHQa4kK.png,D
T,2_png.rf.eouHGu1xLvR2BsVMUpha.png,I
T,30_png.rf.f9QLT0GZVFLFrrfHsII1.png,I
T,31_png.rf.5LiRIEh3OTW9XMa0rIyt.png,I
T,32_png.rf.Hmf7qbPloOKkT1b5lSzY.png,D
T,33_png.rf.fVF7agnJ5p3dnXSR0LmB.png,T
T,34_png.rf.dAN6V8HZlrd3Mo8FS5Fu.png,D
T,35_png.rf.VvWbuWbTMgg0VChOp3Xb.png,L
T,36_png.rf.kKlyqEm8CnrfZqqOfFlJ.png,D
T,3_png.rf.187XA9lxion2ZfdLOPwj.png,D
T,4_png.rf.DsxnYNngEKsEW8XRcGLf.png,D
T,5_png.rf.WhUYjPkv0sfBQdSCLsqA.png,G
T,6_png.rf.y7Hcchs76G2JP5i2PAl7.png,I
T,7_png.rf.TGNKN0na9KUxIiSjpYyL.png,I
T,8_png.rf.2AHlsxWt7jqyahipzgPd.png,T
T,9_png.rf.TkDeXQHslTSjKk7PHHjB.png,D
U,0_png.rf.X79DUeMlYI2rny8KHDxT.png,V
U,10_png.rf.2BYj9eMpUZWtXUx3kDuZ.png,V
U,11_png.rf.dfSdhg4W1OXPYxejtWTV.png,V
U,12_png.rf.chdN0ouUw7oIBgNVSzfS.png,E
U,13_png.rf.QZNUbDn7VnqYPZFmrpd8.png,L
U,14_png.rf.eX3UMHIBggJiEELV6NBM.png,Y
U,15_png.rf.pf7rctOElEueB9qOsHtj.png,E
U,16_png.rf.yyrN0CnfxS56pOdJCiU3.png,L
U,17_png.rf.zRynM93JG5v55CSyNKIb.png,E
U,18_png.rf.R9LXaxUI1a3KQaiteTeU.png,E
U,19_png.rf.IOLjXeiaJJbl5Ul4N07v.png,W
U,1_png.rf.3ASFzADbR0eWMFuYUcZW.png,L
U,20_png.rf.LrOGZArQtOWaPryhyyv6.png,E
U,21_png.rf.Xk0zEUwVHeUql3JiwRdd.png,O
U,22_png.rf.bIQ0Jw70a8IdqpR1KpeQ.png,A
U,23_png.rf.Q4kvbiamrHfXkabfNJjl.png,V
U,24_png.rf.WlV42za9mkVYtMtWs7NV.png,W
U,25_png.rf.VjXYf9d1MGp0PpocCIGP.png,W
U,26_png.rf.cU685iG5xjiErvIxvlkr.png,Y
U,27_png.rf.5d2eXE6YxtCLuE9bPu7A.png,V
U,28_png.rf.Vxae51jmPgnQhC3IzbHi.png,W
U,29_png.rf.nyWp15eYlLU7otWLtZWW.png,W
U,2_png.rf.tkUt7AOQaEthRo1nPF4j.png,V
U,30_png.rf.e45FUYhXKs7iV6IbKoHm.png,E
U,31_png.rf.gJueEYda9XP6QYldjrjY.png,T
U,32_png.rf.dzpsUqbAS1ZTDhtJb01A.png,M
U,33_png.rf.kEP3Gl59XhOyMRMGmC31.png,L
U,34_png.rf.kEQfioPuXkxDyEYunZ5i.png,V
U,35_png.rf.7NRGzGHXAfkuP0vCoMwq.png,A
U,36_png.rf.ZLr9KKGX7EDz1rs3C5n5.png,A
U,37_png.rf.CFbsA8IUayqOESuNTQJW.png,W
U,38_png.rf.9H8FQjI7CndkFsefUX4m.png,W
U,39_png.rf.w3jlsswshSEPLjKifvHP.png,E
U,3_png.rf.vH7rMG110rSMwek1UwFT.png,W
U,40_png.rf.ga93SWLW3CYEbVcjn60a.png,A
U,41_png.rf.Ok4v0M35qfVEhiP64pB7.png,E
U,42_png.rf.7mVDG6Y2NDTmievImBuU.png,E
U,43_png.rf.TP1Ub6QSlis1WidVnwG3.png,W
U,44_png.rf.lFYu4Dx2ZVvt2VRoZvtU.png,A
U,45_png.rf.Fyvk3qzhID1M0InaM9w6.png,A
U,46_png.rf.J6Jp3dUshLjmMzApOCo0.png,M
U,47_png.rf.NuVeBZ2aVy53h688KlN3.png,V
U,48_png.rf.Lhbi6FBdQ24LRG9WNmR8.png,H
U,49_png.rf.wCKer17y7RHVmLYR13oP.png,M
U,4_png.rf.Rr9QPjgIs7HH37wOPbSB.png,V
U,50_png.rf.b6Eq8veE8nvQXfw2lJ8Y.png,T
U,51_png.rf.gCwE10Ul3KCbdEe5kyVz.png,E
U,52_png.rf.pFiTVpL7pSb7QQhFhnF7.png,W
U,53_png.rf.csTsrYkDqjpHSv39f8zY.png,M
U,54_png.rf.JeJQYESWKrx2aIZFe7lb.png,A
U,5_png.rf.sPedMSfTUiQtUs4DWpby.png,W
U,6_png.rf.9XRpwO3o37C9PwVRCO4z.png,U
U,7_png.rf.Gi6eVQAyyv57NPk3c9at.png,V
U,8_png.rf.odRmvCKifKSJpuyV7bUB.png,V
U,9_png.rf.GMZwO1Jzo8ssYIYbovLq.png,E
V,0_png.rf.Y53PYFs6eyDIUGWy5dzE.png,V
V,10_png.rf.a6KhCG8OYHXlXhc5mPTi.png,V
V,11_png.rf.5MWVfvvdHQHSFejfgW61.png,V
V,12_png.rf.mcAS0itYDwq9c2OlUOpF.png,V
V,13_png.rf.FrGxle7li57yGyeVAytH.png,V
V,14_png.rf.FjT97GLf92dVCLQorDPM.png,V
V,15_png.rf.oZ8HECVK9I2KoKWg3SSs.png,V
V,16_png.rf.SICFWF9xdG94YBS3W0Wv.png,V
V,17_png.rf.GQUXFCqKnNwP33ekIn5F.png,V
V,18_png.rf.FrRuYp52fLcBBXQcnh4M.png,V
V,19_png.rf.a9yLYrFFBUpn5NALUmLB.png,V
V,1_png.rf.yX8wE6hrzqJ0hGoPvKMi.png,V
V,20_png.rf.nijDvuowWCYc3kQCPUye.png,V
V,21_png.rf.XgVB1maorr1OLJxPambC.png,V
V,22_png.rf.XRJd1O1uOgH3xq23H2ol.png,V
V,23_png.rf.QpMfWdjsuvFiuFV8yMGY.png,V
V,24_png.rf.ZW0NVnBDl0YMybum6s1J.png,V
V,25_png.rf.dJqYFYMfgRoNLvpVJW3j.png,V
V,26_png.rf.s8IuhvT1sbhccxCpoxHT.png,V
V,27_png.rf.bT7HuQIf5jAb9jwD6jxQ.png,V
V,28_png.rf.HxsrtcEWGT1ZFg2T9iyh.png,V
V,29_png.rf.ySrPqNLBQA88FpdslnQt.png,V
V,2_png.rf.tLMfWHk5XMNcexcXcMFO.png,V
V,30_png.rf.5hKQidDlpM2TPXaLG5Ul.png,V
V,31_png.rf.5S6Wt3Nwvo6FkwqQZ0vM.png,V
V,32_png.rf.fNKwaGsk9Y91zSdHUTHj.png,V
V,33_png.rf.huwN1Dh6QyfBPaVHzQ0C.png,V
V,34_png.rf.sfcAIErQxjCkjb7yLo9t.png,V
V,3_png.rf.I8Ers3ep3cHg1LyOloCR.png,V
V,4_png.rf.NGH5U2CRSHNmY739lQCc.png,V
V,5_png.rf.8rLKRk0eUQ7gFEI4TV6S.png,V
V,6_png.rf.GViQ99lm24cuYyxsCRBi.png,V
V,7_png.rf.IZ3nSUJfOODumNJBkpcN.png,V
V,8_png.rf.TmUAb1a5YFgbOs322cRq.png,V
V,9_png.rf.pDeLHfXIdADejSJFUzFW.png,V
W,0_png.rf.oBBGJhNoqtGpcqqrip0j.png,R
W,10_png.rf.AjP85dlt2YM6v5ipV0yb.png,E
W,11_png.rf.vqLkgTwPmQavpXjFhLHF.png,V
W,12_png.rf.qP0su2qifBYRHu9UeTtb.png,W
W,13_png.rf.8hqPb5dufgOXhaFv3rSn.png,E
W,14_png.rf.pvbtMEjwyDY52WJn4I8j.png,A
W,15_png.rf.xHfbxaD5uQmTBTVKzQTi.png,E
W,16_png.rf.fncKX083pZ7CqK0tBIWj.png,W
W,17_png.rf.S2TdgcGGp0jk7z3HVmD8.png,E
W,18_png.rf.dtJobh0kaimtfWlXldNk.png,5
W,19_png.rf.cIaUmQfbhZZh9GSuk7c6.png,W
W,1_png.rf.Yjn0BFEf1FQjeqXZnj0O.png,E
W,20_png.rf.jEwf82Ey4IKTY0q8H1R2.png,W
W,21_png.rf.5h8g3iJRQkI8CxLL3hnk.png,E
W,22_png.rf.2HAdywFceca25XRjrmWJ.png,E
W,23_png.rf.KQas3eYGXcm55FYsRvY6.png,E
W,24_png.rf.O4rGyrykFLUuRTU0EPbj.png,W
W,25_png.rf.9yzTZuQfOSbWYdWyGY0X.png,E
W,26_png.rf.37th365hzWfWJc4fQjRp.png,5
W,27_png.rf.s29aIgpsREumdpb6FUWA.png,E
W,28_png.rf.MOwNJTx4suE3Lfit1QB7.png,W
W,29_png.rf.Eh9kjPaGyjumxZ80U4vD.png,E
W,2_png.rf.BzkIVNzBghT7Lfu8zHOc.png,A
W,30_png.rf.ODZFtcFa9m5Ahw7nbxWd.png,"(The hand shown is fully open, which does not correspond to a single letter in the standard ASL alphabet. If the image is flawed, I cannot provide a correct answer.)"
W,31_png.rf.QdzBMuM1M9jd9Nv3W99h.png,W
W,32_png.rf.zYZHUfvJy9vOB1hxKLZu.png,B
W,33_png.rf.038SD5h9OLzeXczJ4tYP.png,E
W,34_png.rf.B4GD7OummmE3TB43sVti.png,W
W,35_png.rf.fDodwi1CA5sUlgemxoBd.png,O
W,3_png.rf.cIJgtOUbwKzRemJEo2zd.png,A
W,4_png.rf.BSXVSP1c0KEwvkg4cl9L.png,W
W,5_png.rf.uxxOweJK5cj92op1PpTB.png,E
W,6_png.rf.vwB7mb1bb0l7DBccmSwb.png,W
W,7_png.rf.mqapiMXf5Bdc6xxA5rGR.png,R
W,8_png.rf.yo8iJt8xxr4zl69U4Y3t.png,W
W,9_png.rf.ZMMPZUnLAPszji0f2YE0.png,W
X,0_png.rf.UaMKeDoCqYsDCdNctYsx.png,J
X,10_png.rf.TS3hNsrAI5pykhMbCPe8.png,J
X,11_png.rf.UdDmcwO4gXyFqsYrTE3f.png,I
X,12_png.rf.R1Hiyg1vXLSQLtIiilGZ.png,I
X,13_png.rf.phSaOChQzOJrpslTL07Z.png,D
X,14_png.rf.Nv8lEjo203w9SKayx76y.png,J
X,15_png.rf.ons9AwxfppK5bnJz3NQ3.png,I
X,16_png.rf.gZJw5qGPk7DZf2395g7C.png,L
X,17_png.rf.SrmB66FyZQLZgT3g3NXp.png,T
X,18_png.rf.LX9j9wbCfQxjPNYsHmDc.png,P
X,19_png.rf.6K6wKkuLkWyjZLHRbnVU.png,I
X,1_png.rf.HUflZRgnmvsMX2F9HRwM.png,C
X,20_png.rf.yutl4jMPufaFtAWzvDoo.png,I
X,21_png.rf.tfvH4saf0g6qpiCbdjLy.png,I
X,22_png.rf.tmUUO5mBu8lljqF1gdiL.png,I
X,23_png.rf.EVI9tRcjtZ8xGbumIw7b.png,I
X,24_png.rf.u17yNz66jiAQqAaqysMp.png,J
X,25_png.rf.snTUmWVjiiaaM2SVQLzy.png,I
X,26_png.rf.2IOwX4go4N0ctaaysWGt.png,C
X,27_png.rf.8v9zbVZJ6A0Yggg0zPf7.png,C
X,28_png.rf.mSADo9etCYgieW10STvG.png,I
X,29_png.rf.WpkBE2MzmgPafeka89Xp.png,J
X,2_png.rf.rhtC86C2O3zYhBVzQUpb.png,J
X,30_png.rf.xcflHaN8cTwRWsZnrDOt.png,I
X,31_png.rf.gEyBvJYL6BgHcfvrPPKb.png,I
X,32_png.rf.ti7Z3wpmHj5WyKYe2VUE.png,I
X,33_png.rf.PudRwPMWpeL85a2AiHuy.png,I
X,34_png.rf.0iONqxd6b0Pw80KbXco1.png,I
X,35_png.rf.smL32M8RwCEvB5fSSOnI.png,I
X,36_png.rf.F71KLZ2s41VJRJFd7qbg.png,I
X,37_png.rf.8lbwSoEFn3tefXDsPzqX.png,R
X,38_png.rf.u85z4CFNN8pdV9nROzTW.png,I
X,39_png.rf.adUUw9dmk4Zc23d8Yi75.png,I
X,3_png.rf.ll8tx3pXOPNl0HX1QDkW.png,D
X,40_png.rf.r0oFx1Rd7kayJ8JSVLbp.png,I
X,41_png.rf.8skchuGBipsLJZEadTmx.png,I
X,42_png.rf.OsAlnOs1t3n6Wn90sYXB.png,I
X,43_png.rf.ZzaqGT5qPx2GT4GLufxF.png,I
X,44_png.rf.TrMP1L9YwHKqdEmBnsW9.png,I
X,45_png.rf.VD7RD9RDb77b1skl9LtG.png,R
X,46_png.rf.PFWb6VHUXqHxdIhkuyqC.png,I
X,47_png.rf.Nldqps9siQlYTrsX9t45.png,P
X,4_png.rf.ldyENY5375QNImA8calX.png,J
X,5_png.rf.JY9fvDWTqYH4gVE3grua.png,I
X,6_png.rf.a8ijB0FUpIHugZYSsLnr.png,J
X,7_png.rf.Z6nFWllD0EAodqZu3E4N.png,I
X,8_png.rf.YBMtaZG5m0zxS7tFl0XY.png,I
X,9_png.rf.naI4d6MhSRxMw7wEvfZP.png,I
Y,0_png.rf.nSDZpNAmq6y0vRec3iv5.png,E
Y,10_png.rf.l6VzYRX4op6EJlllfPRx.png,V
Y,11_png.rf.2u7bG6i9sJLrz06iFPcH.png,L
Y,12_png.rf.NfZF0hNOyiUUGTMDHHJN.png,V
Y,13_png.rf.qmnxSz5tOKgtqStsyOqn.png,V
Y,14_png.rf.4QUOMnxWVeyhyKaWOvHZ.png,V
Y,15_png.rf.s6xlwgaHIsUPMMqOLywq.png,H
Y,16_png.rf.DfZu9D7Lx5RuEa7G0DGT.png,T
Y,17_png.rf.tSMTBnezDqRN0lkTbbsS.png,L
Y,18_png.rf.cIud5I0WLyguuj8BlTgw.png,L
Y,19_png.rf.JRwphwIPMNqRQ5kRuatY.png,L
Y,1_png.rf.AEcvfCDg5P25JWAtKxoK.png,E
Y,20_png.rf.3P0vP49ocgPOs5A80fwR.png,V
Y,21_png.rf.u8KdXfuPrOUO21C80Cx6.png,V
Y,23_png.rf.Ci1dRp1aLwijvRgvnQtS.png,R
Y,24_png.rf.H4qELSXtetc645ouotJo.png,D
Y,25_png.rf.LDtifZqJzAHlyTp1bZke.png,L
Y,26_png.rf.PzrDQF2yYmvIvHPlLHcO.png,L
Y,27_png.rf.I1Qe822ZqDRe1M2O66An.png,P
Y,28_png.rf.P5QZZcwZ3JfkvpRvXQkw.png,M
Y,29_png.rf.taRpMa5vtpMAB2vvqiol.png,T
Y,2_png.rf.Rs3gfQ04t7E3Gyu6uocz.png,B
Y,30_png.rf.2CNgVMuNVGRkuJR9VSeR.png,V
Y,31_png.rf.uLFPwJPhwi7d41WZb1Jz.png,V
Y,32_png.rf.OtPqMUjxenGSaluQwPYx.png,P
Y,33_png.rf.F9pDnNbObM21srCOJ0OY.png,D
Y,34_png.rf.hud0JPsFjdc1o2NS4wes.png,M
Y,35_png.rf.VDLY75Xn5O8shRGKvpGF.png,W
Y,36_png.rf.AybvSDxvHkcq6DjkWZI3.png,M
Y,37_png.rf.Wk6AJ3G2tTq2G3XqiKlJ.png,V
Y,38_png.rf.8kEY31Ri6h6Q6gL0aDH4.png,L
Y,39_png.rf.F1GdMRSXdYxq5B8XtdkL.png,R
Y,3_png.rf.BB7abGgeqZi6J42BwztU.png,F
Y,40_png.rf.k94JWcSCnSV4s3vsnj5D.png,I
Y,41_png.rf.ycbCmxW4MBerylRWEi1D.png,P
Y,42_png.rf.6ufmBV8Zkqww7RkTst8h.png,T
Y,43_png.rf.7meRoLgiB9Le9P1Tg9Xp.png,L
Y,44_png.rf.hBMTY2xTeKZtjJzqglqw.png,T
Y,45_png.rf.iX9LQ2Ta1FzBTajUbMQA.png,X
Y,46_png.rf.KgAFnTf7ZJ34RYHp9pdI.png,I
Y,47_png.rf.e3j0I0YwHS8tR8dQLXyN.png,V
Y,48_png.rf.mdu9ZixXYpOZYXexhXdL.png,L
Y,49_png.rf.OoH7XsfPsnb035IntpiQ.png,W
Y,4_png.rf.03jBhzh2o3gg89F03Zq0.png,L
Y,50_png.rf.HMWQOOZYzGuYEY3q4tCI.png,D
Y,51_png.rf.1ybfrvenTOodVNzyHt5Y.png,T
Y,52_png.rf.lnQp78HPa2Gmy3Io1lM1.png,L
Y,5_png.rf.lHTV0SbKhNKMdAOlO3pe.png,V
Y,6_png.rf.grrsF3Arp741pRuAuVII.png,V
Y,7_png.rf.ThvIUo2W60KbJs3bc0PM.png,V
Y,8_png.rf.65D4tlR5I4jUTSm9oDHn.png,J
Y,9_png.rf.Khjoick2DRkyySdtGses.png,D
